Word,Seq_num,Word Count,Word Proportion,Average Proportion,Std Dev,Doc Count,Negative,Positive,Uncertainty,Litigious,Strong_Modal,Weak_Modal,Constraining,Complexity,Syllables,Source
ARROGANCE,3709,11,4.31E-10,3.95E-10,2.09E-07,10,0,0,0,0,0,0,0,0,3,12of12inf
ARROGANT,3711,8,3.13E-10,1.67E-10,8.02E-08,8,0,0,0,0,0,0,0,0,3,12of12inf
BOAST,7736,591,2.31E-08,2.59E-08,2.03E-06,511,0,0,0,0,0,0,0,0,1,12of12inf
BOASTFUL,7740,6,2.35E-10,1.01E-10,5.22E-08,6,0,0,0,0,0,0,0,0,2,12of12inf
BOASTING,7744,311,1.22E-08,1.00E-08,9.62E-07,294,0,0,0,0,0,0,0,0,2,12of12inf
BOASTS,7745,1738,6.80E-08,7.14E-08,3.13E-06,1508,0,0,0,0,0,0,0,0,1,12of12inf
EGOTISM,23937,0,0,0,0,0,0,0,0,0,0,0,0,0,4,12of12inf
EGOTISTICAL,23941,1,3.91E-11,2.22E-11,2.46E-08,1,0,0,0,0,0,0,0,0,5,12of12inf
NARCISSISM,48675,0,0,0,0,0,0,0,0,0,0,0,0,0,4,12of12inf
NARCISSISTIC,48678,1,3.91E-11,4.14E-12,4.58E-09,1,0,0,0,0,0,0,0,0,4,12of12inf
PRIDE,58348,34869,1.36E-06,1.30E-06,5.42E-05,9969,0,0,0,0,0,0,0,0,1,12of12inf
SUPERIORITY,74831,18286,7.16E-07,3.90E-07,6.04E-06,11715,0,0,0,0,0,0,0,0,6,12of12inf
