Word,Integrity_Category
ACCOUNTABLE,Positive_Trust
CANDID,Positive_Trust
CANDIDACIES,Positive_Trust
CANDIDACY,Positive_Trust
CANDIDATE,Positive_Trust
CANDIDATES,Positive_Trust
CANDIDATURE,Positive_Trust
CANDIDATURES,Positive_Trust
CANDIDLY,Positive_Trust
CANDIDNESS,Positive_Trust
CANDIDNESSES,Positive_Trust
CANDOR,Positive_Trust
CANDORS,Positive_Trust
CREDIBILITIES,Positive_Trust
CREDIBILITY,Positive_Trust
CREDIBLE,Positive_Trust
CREDIBLY,Positive_Trust
ETHIC,Positive_Trust
ETHICAL,Positive_Trust
ETHICALLY,Positive_Trust
ETHICS,Positive_Trust
HONEST,Positive_Trust
HONESTER,Positive_Trust
HONESTEST,Positive_Trust
HONESTIES,Positive_Trust
HONESTLY,Positive_Trust
HONESTY,Positive_Trust
INTEGRITY,Positive_Trust
MORAL,Positive_Trust
MORALE,Positive_Trust
MORALES,Positive_Trust
MORALIST,Positive_Trust
MORALISTIC,Positive_Trust
MORALISTICALLY,Positive_Trust
MORALISTS,Positive_Trust
MORALITIES,Positive_Trust
MORALITY,Positive_Trust
MORALIZATION,Positive_Trust
MORALIZATIONS,Positive_Trust
MORALIZE,Positive_Trust
MORALIZED,Positive_Trust
MORALIZER,Positive_Trust
MORALIZERS,Positive_Trust
MORALIZES,Positive_Trust
MORALIZING,Positive_Trust
MORALLY,Positive_Trust
MORALS,Positive_Trust
SINCERE,Positive_Trust
SINCERELY,Positive_Trust
SINCERER,Positive_Trust
SINCEREST,Positive_Trust
SINCERITIES,Positive_Trust
SINCERITY,Positive_Trust
TRANSPARENCIES,Positive_Trust
TRANSPARENCY,Positive_Trust
TRANSPARENT,Positive_Trust
TRANSPARENTLY,Positive_Trust
TRUST,Positive_Trust
TRUSTED,Positive_Trust
TRUSTEE,Positive_Trust
TRUSTEED,Positive_Trust
TRUSTEES,Positive_Trust
TRUSTEESHIP,Positive_Trust
TRUSTEESHIPS,Positive_Trust
TRUSTFUL,Positive_Trust
TRUSTFULLY,Positive_Trust
TRUSTFULNESS,Positive_Trust
TRUSTFULNESSES,Positive_Trust
TRUSTIER,Positive_Trust
TRUSTIES,Positive_Trust
TRUSTIEST,Positive_Trust
TRUSTING,Positive_Trust
TRUSTINGLY,Positive_Trust
TRUSTOR,Positive_Trust
TRUSTS,Positive_Trust
TRUSTWORTHIER,Positive_Trust
TRUSTWORTHIEST,Positive_Trust
TRUSTWORTHINESS,Positive_Trust
TRUSTWORTHINESSES,Positive_Trust
TRUSTWORTHY,Positive_Trust
TRUSTY,Positive_Trust
TRUTH,Positive_Trust
TRUTHFUL,Positive_Trust
TRUTHFULLY,Positive_Trust
TRUTHFULNESS,Positive_Trust
TRUTHFULNESSES,Positive_Trust
TRUTHS,Positive_Trust
CORRUPT,Negative_Deception
CORRUPTED,Negative_Deception
CORRUPTER,Negative_Deception
CORRUPTEST,Negative_Deception
CORRUPTIBILITIES,Negative_Deception
CORRUPTIBILITY,Negative_Deception
CORRUPTIBLE,Negative_Deception
CORRUPTING,Negative_Deception
CORRUPTION,Negative_Deception
CORRUPTIONS,Negative_Deception
CORRUPTIVE,Negative_Deception
CORRUPTLY,Negative_Deception
CORRUPTNESS,Negative_Deception
CORRUPTNESSES,Negative_Deception
CORRUPTS,Negative_Deception
DECEIT,Negative_Deception
DECEITFUL,Negative_Deception
DECEITFULLY,Negative_Deception
DECEITFULNESS,Negative_Deception
DECEITFULNESSES,Negative_Deception
DECEITS,Negative_Deception
DECEPTION,Negative_Deception
DECEPTIONS,Negative_Deception
DECEPTIVE,Negative_Deception
DECEPTIVELY,Negative_Deception
DECEPTIVENESS,Negative_Deception
DECEPTIVENESSES,Negative_Deception
FALSE,Negative_Deception
FALSEHOOD,Negative_Deception
FALSEHOODS,Negative_Deception
FALSELY,Negative_Deception
FALSENESS,Negative_Deception
FALSENESSES,Negative_Deception
FALSER,Negative_Deception
FALSEST,Negative_Deception
FALSETTO,Negative_Deception
FALSETTOS,Negative_Deception
FRAUD,Negative_Deception
FRAUDS,Negative_Deception
FRAUDULENCE,Negative_Deception
FRAUDULENCES,Negative_Deception
FRAUDULENT,Negative_Deception
FRAUDULENTLY,Negative_Deception
LIAR,Negative_Deception
LIARS,Negative_Deception
LIE,Negative_Deception
LIES,Negative_Deception
MISLEAD,Negative_Deception
MISLEADING,Negative_Deception
MISLEADINGLY,Negative_Deception
MISLEADS,Negative_Deception
MISLED,Negative_Deception
